{
  "wikitext2": 6.067193508148193,
  "c4": 7.5435895919799805
}