{
  "wikitext2": 5.571932792663574,
  "c4": 7.087873458862305
}