{
  "wikitext2": 20.970882415771484,
  "c4": 23.945863723754883
}