{
  "wikitext2": 6.044225215911865,
  "c4": 7.644887447357178
}