{
  "wikitext2": 9.511998176574707,
  "c4": 12.983473777770996
}