{
  "wikitext2": 6.076417922973633,
  "c4": 7.559479713439941
}