{
  "wikitext2": 9.395980834960938,
  "c4": 12.832998275756836
}