{
  "wikitext2": 5.472294807434082,
  "c4": 6.972869396209717
}