{
  "wikitext2": 6.253520488739014,
  "c4": 7.819895267486572
}