{
  "wikitext2": 5.959336280822754,
  "c4": 7.58004903793335
}