{
  "wikitext2": 6.117056846618652,
  "c4": 7.622410774230957
}