{
  "wikitext2": 6.066650867462158,
  "c4": 7.53508186340332
}