{
  "wikitext2": 6.1834635734558105,
  "c4": 7.699625015258789
}