{
  "wikitext2": 35.457611083984375,
  "c4": 34.0071907043457
}