{
  "wikitext2": 5.573172092437744,
  "c4": 7.090291500091553
}