{
  "wikitext2": 5.917845726013184,
  "c4": 7.579627513885498
}