{
  "wikitext2": 5.6035380363464355,
  "c4": 7.088667392730713
}