{
  "wikitext2": 6.089141845703125,
  "c4": 7.597408771514893
}