{
  "wikitext2": 6.100561618804932,
  "c4": 7.629888534545898
}