{
  "wikitext2": 5.962701797485352,
  "c4": 7.505810737609863
}