{
  "wikitext2": 5.581353187561035,
  "c4": 7.086299896240234
}